Handle,Command,Title,Body HTML,Must Match,Rule: Product Column,Rule: Relation,Rule: Condition,Metafield: title_tag [string],Metafield: description_tag [string],Template Suffix,Metafield: custom.belongs_to [single_line_text_field],Metafield: custom.bottom_description [multi_line_text_field]
amazfit-bip,Merge,Amazfit Bip,,any condition,Tag,Equals,Amazfit Bip,Amazfit Bip Remme | Gigantisk Udvalg,Stort Sortiment af Amazfit Bip Urremme. Hurtig Levering. Bedste udvalg og høj service. Find din nye rem i dag.,parent-collection,Amazfit,
amazfit-bip,Merge,,,,Tag,Equals,Amazfit Bip 1,,,,,
amazfit-bip,Merge,,,,Tag,Equals,Amazfit Bip 3,,,,,
amazfit-bip,Merge,,,,Tag,Equals,Amazfit Bip 3 Pro,,,,,
amazfit-bip,Merge,,,,Tag,Equals,Amazfit Bip Lite,,,,,
amazfit-bip,Merge,,,,Tag,Equals,Amazfit Bip S,,,,,
amazfit-bip,Merge,,,,Tag,Equals,Amazfit Bip U,,,,,
amazfit-gtr,Merge,Amazfit GTR,,any condition,Tag,Equals,Amazfit GTR,Amazfit GTR Urremme | Gigantisk Udvalg af Remme til Amazfit GTR,"Alle slags Amazfit GTR Urremme. Danmarks Største Udvalg. Gratis Levering ved køb over 199,-",parent-collection,Amazfit,
amazfit-gtr,Merge,,,,Tag,Equals,Amazfit GTR 2,,,,,
amazfit-gtr,Merge,,,,Tag,Equals,Amazfit GTR 2e,,,,,
amazfit-gtr,Merge,,,,Tag,Equals,Amazfit GTR 3,,,,,
amazfit-gtr,Merge,,,,Tag,Equals,Amazfit GTR 3 Pro,,,,,
amazfit-gtr,Merge,,,,Tag,Equals,Amazfit GTR 42mm,,,,,
amazfit-gtr,Merge,,,,Tag,Equals,Amazfit GTR 47mm,,,,,
amazfit-gtr,Merge,,,,Tag,Equals,Amazfit GTR 2 eSIM,,,,,
amazfit-gts,Merge,Amazfit GTS,,any condition,Tag,Equals,Amazfit GTS,Amazfit GTS Urremme | Bedste Udvalg,Er det på tide at udskifte din Amazfit GTS rem? Her kan du købe en nye til få penge. Vi sender inden kl. 15,parent-collection,Amazfit,
amazfit-gts,Merge,,,,Tag,Equals,Amazfit GTS 1,,,,,
amazfit-gts,Merge,,,,Tag,Equals,Amazfit GTS 2,,,,,
amazfit-gts,Merge,,,,Tag,Equals,Amazfit GTS 2 Mini,,,,,
amazfit-gts,Merge,,,,Tag,Equals,Amazfit GTS 2e,,,,,
amazfit-gts,Merge,,,,Tag,Equals,Amazfit GTS 3,,,,,
amazfit-stratos,Merge,Amazfit Stratos,,any condition,Tag,Equals,Amazfit Stratos,Amazfit Stratos Urremme | Bedste Sortiment af Urremme til Amazfit Stratos,"Alle slags Amazfit Stratos Urremme. Danmarks Største Udvalg. Gratis Levering ved køb over 199,-",parent-collection,Amazfit,
amazfit-stratos,Merge,,,,Tag,Equals,Amazfit Stratos 1,,,,,
amazfit-stratos,Merge,,,,Tag,Equals,Amazfit Stratos 2 \ 2s,,,,,
amazfit-stratos,Merge,,,,Tag,Equals,Amazfit Stratos 3,,,,,
amazfit-t-rex,Merge,Amazfit T-Rex,,any condition,Tag,Equals,Amazfit T-Rex,Amazfit T-Rex Remme | Køb en Erstatningsrem til Amazfit T-Rex Her,"Kæmpe Udvalg af Amazfit T-Rex Urremme. Køb for 199,- og vi betaler Fragten. Hurtigt Service. Danmarks Største Udvalg af Remme.",parent-collection,Amazfit,
amazfit-t-rex,Merge,,,,Tag,Equals,Amazfit T-Rex 1,,,,,
amazfit-t-rex,Merge,,,,Tag,Equals,Amazfit T-Rex Pro,,,,,
amazfit-youth,Merge,Amazfit Youth,,any condition,Tag,Equals,Amazfit Youth,Amazfit Youth Urremme | Køb ny rem til Amazfit Youth Her,"Kæmpe Udvalg af Amazfit Youth Urremme. Køb for 199,- og vi betaler Fragten. Hurtigt Service. Danmarks Største Udvalg af Remme.",parent-collection,Amazfit,
amazfit-youth,Merge,,,,Tag,Equals,Amazfit Youth 1,,,,,
amazfit-youth,Merge,,,,Tag,Equals,Amazfit Youth Edition 1S,,,,,
apple-watch-series,Merge,Apple Watch Series,,any condition,Tag,Equals,Apple Watch Series,"Apple Watch Series Remme | Gratis Levering over 199,-","Uremme der passer perfekt til Apple Watch Series. Vores lager er fyldt med flotte remme til ganske få kroner. Køber du for mere end 199kroner, betaler vi fragten.",parent-collection,Apple Watch,
apple-watch-series,Merge,,,,Tag,Equals,Apple Watch 40mm,,,,,
apple-watch-series,Merge,,,,Tag,Equals,Apple Watch 41mm,,,,,
apple-watch-series,Merge,,,,Tag,Equals,Apple Watch 44mm,,,,,
apple-watch-series,Merge,,,,Tag,Equals,Apple Watch 45mm,,,,,
apple-watch-series-1-3,Merge,Apple Watch Series 1-3,,any condition,Tag,Equals,Apple Watch Series 1-3,"Apple Watch Series 1-3 Urremme | Hurtig & Gratis Levering over 199,-","Uremme der passer perfekt til Apple Watch Series 1-3. Vores lager er fyldt med flotte remme til ganske få kroner. Køber du for mere end 199kroner, betaler vi fragten.",parent-collection,Apple Watch,
apple-watch-series-1-3,Merge,,,,Tag,Equals,Apple Watch Series 1-3 38mm,,,,,
apple-watch-series-1-3,Merge,,,,Tag,Equals,Apple Watch Series 1-3 42mm,,,,,
apple-watch-series-4,Merge,Apple Watch Series 4,,any condition,Tag,Equals,Apple Watch Series 4,Apple Watch Series 4 Urremme | Køb ny Urrem til Apple Watch Series 4 Her,Stort Sortiment af Apple Watch Series 4 Urremme. Hurtig Levering. Bedste udvalg og høj service. Find din nye rem i dag.,parent-collection,Apple Watch,
apple-watch-series-4,Merge,,,,Tag,Equals,Apple Watch Series 4 40mm,,,,,
apple-watch-series-4,Merge,,,,Tag,Equals,Apple Watch Series 4 44mm,,,,,
apple-watch-series-5,Merge,Apple Watch Series 5,,any condition,Tag,Equals,Apple Watch Series 5,Apple Watch Series 5 Rem | Bedste Sortiment af Remme til Apple Watch Series 5,Lækre remme til Apple Watch Series 5. Kæmpe Udvalg. Hurtig Levering og FRI Fragt over 199kr.,parent-collection,Apple Watch,
apple-watch-series-5,Merge,,,,Tag,Equals,Apple Watch Series 5 40mm,,,,,
apple-watch-series-5,Merge,,,,Tag,Equals,Apple Watch Series 5 44mm,,,,,
apple-watch-series-6,Merge,Apple Watch Series 6,,any condition,Tag,Equals,Apple Watch Series 6,"Apple Watch Series 6 Rem | Stort Vareudvalg - Fri Fragt over 199,-",Ny Apple Watch Series 6 rem? Så er dette stedet for dig! Vi har det største udvalg i Danmark. Hurtig Levering.,parent-collection,Apple Watch,
apple-watch-series-6,Merge,,,,Tag,Equals,Apple Watch Series 6 40mm,,,,,
apple-watch-series-6,Merge,,,,Tag,Equals,Apple Watch Series 6 44mm,,,,,
apple-watch-series-7,Merge,Apple Watch Series 7,,any condition,Tag,Equals,Apple Watch Series 7,"Apple Watch Series 7 Rem | Gratis Fragt over 199,-",Lækre remme til Apple Watch Series 7. Kæmpe Udvalg. Hurtig Levering og FRI Fragt over 199kr.,parent-collection,Apple Watch,
apple-watch-series-7,Merge,,,,Tag,Equals,Apple Watch Series 7 41mm,,,,,
apple-watch-series-7,Merge,,,,Tag,Equals,Apple Watch Series 7 45mm,,,,,
apple-watch-series-8,Merge,Apple Watch Series 8,,any condition,Tag,Equals,Apple Watch Series 8,"Apple Watch Series 8 Urremme | Bedste Udvalg - Fri Fragt over 199,-",Lækre remme til Apple Watch Series 8. Kæmpe Udvalg. Hurtig Levering og FRI Fragt over 199kr.,parent-collection,Apple Watch,
apple-watch-series-8,Merge,,,,Tag,Equals,Apple Watch Series 8 (41mm),,,,,
apple-watch-series-8,Merge,,,,Tag,Equals,Apple Watch Series 8 (45mm),,,,,
apple-watch-series-se,Merge,Apple Watch Series SE,,any condition,Tag,Equals,Apple Watch Series SE,Apple Watch Series SE Remme | Største Udvalg i Danmark,"Uremme til Apple Watch Series SE hos Danmarks Største Udvalg. Bestil inden. Kl 15 og vi sender i Dag. Køb for mere end 199,- og du får Gratis Fragt.",parent-collection,Apple Watch,
apple-watch-series-se,Merge,,,,Tag,Equals,Apple Watch SE 2022 (40mm),,,,,
apple-watch-series-se,Merge,,,,Tag,Equals,Apple Watch SE 2022 (44mm),,,,,
apple-watch-series-se,Merge,,,,Tag,Equals,Apple Watch SE 40mm,,,,,
apple-watch-series-se,Merge,,,,Tag,Equals,Apple Watch SE 44mm,,,,,
asus-zenwatch-2,Merge,ASUS Zenwatch 2,,any condition,Tag,Equals,ASUS Zenwatch 2,"ASUS Zenwatch 2 Urremme | Gratis Levering over 199,-","Uremme til ASUS Zenwatch 2 hos Danmarks Største Udvalg. Bestil inden. Kl 15 og vi sender i Dag. Køb for mere end 199,- og du får Gratis Fragt.",parent-collection,ASUS Zenwatch,
asus-zenwatch-2,Merge,,,,Tag,Equals,ASUS Zenwatch 2 Large,,,,,
asus-zenwatch-2,Merge,,,,Tag,Equals,ASUS Zenwatch 2 Small,,,,,
bushnell-neo,Merge,Bushnell Neo,,any condition,Tag,Equals,Bushnell Neo,Bushnell Neo Urremme | Mægtigt Udvalg,Ny Bushnell Neo rem? Så er dette stedet for dig! Vi har det største udvalg i Danmark. Hurtig Levering.,parent-collection,Bushnell,
bushnell-neo,Merge,,,,Tag,Equals,Bushnell Neo Excel,,,,,
bushnell-neo,Merge,,,,Tag,Equals,Bushnell Neo Ion,,,,,
bushnell-neo,Merge,,,,Tag,Equals,Bushnell Neo Ion2,,,,,
fitbit-ace,Merge,Fitbit Ace,,any condition,Tag,Equals,Fitbit Ace,"Fitbit Ace Urremme | Kæmpe Udvalg - Fri Fragt over 199,-","Velkommen til et hav af Fitbit Ace Urremme. Bestil inden kl. 15 og vi sender samme dag. Fri Fragt ved køb over 199,-",parent-collection,Fitbit,
fitbit-ace,Merge,,,,Tag,Equals,Fitbit Ace 1,,,,,
fitbit-ace,Merge,,,,Tag,Equals,Fitbit Ace 2,,,,,
fitbit-ace,Merge,,,,Tag,Equals,Fitbit Ace 3,,,,,
fitbit-alta,Merge,Fitbit Alta,,any condition,Tag,Equals,Fitbit Alta,Fitbit Alta Rem | Bedste Udvalg,Stort udvalg af remme til Fitbit Alta. Danmarks Største udvalg af Smartwatch urremme. Vi sender inden kl. 15 i dag.,parent-collection,Fitbit,
fitbit-alta,Merge,,,,Tag,Equals,Fitbit Alta 1,,,,,
fitbit-alta,Merge,,,,Tag,Equals,Fitbit Alta HR,,,,,
fitbit-charge,Merge,Fitbit Charge,,any condition,Tag,Equals,Fitbit Charge,Fitbit Charge Rem | Enormt Udvalg,"Velkommen til et hav af Fitbit Charge Urremme. Bestil inden kl. 15 og vi sender samme dag. Fri Fragt ved køb over 199,-",parent-collection,Fitbit,
fitbit-charge,Merge,,,,Tag,Equals,Fitbit Charge 1,,,,,
fitbit-charge,Merge,,,,Tag,Equals,Fitbit Charge 2,,,,,
fitbit-charge,Merge,,,,Tag,Equals,Fitbit Charge 3,,,,,
fitbit-charge,Merge,,,,Tag,Equals,Fitbit Charge 4,,,,,
fitbit-charge,Merge,,,,Tag,Equals,Fitbit Charge 5,,,,,
fitbit-charge,Merge,,,,Tag,Equals,Fitbit Charge HR,,,,,
fitbit-flex,Merge,Fitbit Flex,,any condition,Tag,Equals,Fitbit Flex,Fitbit Flex Remme | Største Udvalg i Danmark,Stort Sortiment af Fitbit Flex Urremme. Hurtig Levering. Bedste udvalg og høj service. Find din nye rem i dag.,parent-collection,Fitbit,
fitbit-flex,Merge,,,,Tag,Equals,Fitbit Flex 1,,,,,
fitbit-flex,Merge,,,,Tag,Equals,Fitbit Flex 2,,,,,
fitbit-inspire,Merge,Fitbit Inspire,,any condition,Tag,Equals,Fitbit Inspire,Fitbit Inspire Rem | Kæmpestort Udvalg,"Uremme til Fitbit Inspire hos Danmarks Største Udvalg. Bestil inden. Kl 15 og vi sender i Dag. Køb for mere end 199,- og du får Gratis Fragt.",parent-collection,Fitbit,
fitbit-inspire,Merge,,,,Tag,Equals,Fitbit Inspire 1,,,,,
fitbit-inspire,Merge,,,,Tag,Equals,Fitbit Inspire 2,,,,,
fitbit-sense,Merge,Fitbit Sense,,any condition,Tag,Equals,Fitbit Sense,Fitbit Sense Rem | Bedste Udvalg Remme til Fitbit Sense,"Velkommen til et hav af Fitbit Sense Urremme. Bestil inden kl. 15 og vi sender samme dag. Fri Fragt ved køb over 199,-",parent-collection,Fitbit,
fitbit-sense,Merge,,,,Tag,Equals,Fitbit Sense 1,,,,,
fitbit-sense,Merge,,,,Tag,Equals,Fitbit Sense 2,,,,,
fitbit-versa,Merge,Fitbit Versa,,any condition,Tag,Equals,Fitbit Versa,Fitbit Versa Rem | Gigantisk Udvalg af Remme til Fitbit Versa,Er det på tide at udskifte din Fitbit Versa rem? Her kan du købe en nye til få penge. Vi sender inden kl. 15,parent-collection,Fitbit,
fitbit-versa,Merge,,,,Tag,Equals,Fitbit Versa 1,,,,,
fitbit-versa,Merge,,,,Tag,Equals,Fitbit Versa 2,,,,,
fitbit-versa,Merge,,,,Tag,Equals,Fitbit Versa 3,,,,,
fitbit-versa,Merge,,,,Tag,Equals,Fitbit Versa 4,,,,,
fitbit-versa,Merge,,,,Tag,Equals,Fitbit Versa Lite,,,,,
fossil-founder,Merge,Fossil Founder,,any condition,Tag,Equals,Fossil Founder,"Fossil Founder Urremme | Stort Udvalg - Fri Fragt over 199,-",Lækre remme til Fossil Founder. Kæmpe Udvalg. Hurtig Levering og FRI Fragt over 199kr.,parent-collection,Fossil,
fossil-founder,Merge,,,,Tag,Equals,Fossil Founder 1,,,,,
fossil-founder,Merge,,,,Tag,Equals,Fossil Founder 2.0,,,,,
fossil-gen-3,Merge,Fossil Gen 3,,any condition,Tag,Equals,Fossil Gen 3,Fossil Gen 3 Remme | Find en ny Urrem til Fossil Gen 3 Her,"Mangler du en ny Fossil Gen 3 urrem? Her finder du et stort udvalg af alle slags remme. GRATIS fragt ved køb over 199,-",parent-collection,Fossil,
fossil-gen-3,Merge,,,,Tag,Equals,Fossil Gen 3 Explorist,,,,,
fossil-gen-3,Merge,,,,Tag,Equals,Fossil Gen 3 Venture,,,,,
fossil-gen-4,Merge,Fossil Gen 4,,any condition,Tag,Equals,Fossil Gen 4,Fossil Gen 4 Urremme | Bedste Udvalg i Danmark,"Uremme til Fossil Gen 4 hos Danmarks Største Udvalg. Bestil inden. Kl 15 og vi sender i Dag. Køb for mere end 199,- og du får Gratis Fragt.",parent-collection,Fossil,
fossil-gen-4,Merge,,,,Tag,Equals,Fossil Gen 4 (40mm),,,,,
fossil-gen-4,Merge,,,,Tag,Equals,Fossil Gen 4 Explorist HR,,,,,
fossil-gen-4,Merge,,,,Tag,Equals,Fossil Gen 4 Venture HR,,,,,
fossil-gen-4,Merge,,,,Tag,Equals,Fossil Women's Gen 4 Sport,,,,,
fossil-gen-5-tilbehor,Merge,Fossil Gen 5 Tilbehør,,any condition,Tag,Equals,Fossil Gen 5 Tilbehør,Fossil Gen 5 Tilbehør Urremme | Enormt Udvalg af Urremme til Fossil Gen 5 Tilbehør,"Uremme til Fossil Gen 5 Tilbehør hos Danmarks Største Udvalg. Bestil inden. Kl 15 og vi sender i Dag. Køb for mere end 199,- og du får Gratis Fragt.",parent-collection,Fossil,
fossil-gen-5-tilbehor,Merge,,,,Tag,Equals,Fossil Gen 5,,,,,
fossil-gen-5-tilbehor,Merge,,,,Tag,Equals,Fossil Gen 5 Carlyle HR,,,,,
fossil-gen-5-tilbehor,Merge,,,,Tag,Equals,Fossil Gen 5 Garrett HR,,,,,
fossil-gen-5-tilbehor,Merge,,,,Tag,Equals,Fossil Gen 5 Julianna HR,,,,,
fossil-gen-5-tilbehor,Merge,,,,Tag,Equals,Fossil Gen 5E 42mm,,,,,
garmin-approach,Merge,Garmin Approach,,any condition,Tag,Equals,Garmin Approach,"Garmin Approach Remme | Hurtig & Gratis Fragt over 199,-","Uremme til Garmin Approach hos Danmarks Største Udvalg. Bestil inden. Kl 15 og vi sender i Dag. Køb for mere end 199,- og du får Gratis Fragt.",parent-collection,Garmin,
garmin-approach,Merge,,,,Tag,Equals,Garmin Approach G10,,,,,
garmin-approach,Merge,,,,Tag,Equals,Garmin Approach G12,,,,,
garmin-approach,Merge,,,,Tag,Equals,Garmin Approach G30 Golf,,,,,
garmin-approach,Merge,,,,Tag,Equals,Garmin Approach S1,,,,,
garmin-approach,Merge,,,,Tag,Equals,Garmin Approach S2,,,,,
garmin-approach,Merge,,,,Tag,Equals,Garmin Approach S20,,,,,
garmin-approach,Merge,,,,Tag,Equals,Garmin Approach S3,,,,,
garmin-approach,Merge,,,,Tag,Equals,Garmin Approach S4,,,,,
garmin-approach,Merge,,,,Tag,Equals,Garmin Approach S40,,,,,
garmin-approach,Merge,,,,Tag,Equals,Garmin Approach S50,,,,,
garmin-approach,Merge,,,,Tag,Equals,Garmin Approach S6,,,,,
garmin-approach,Merge,,,,Tag,Equals,Garmin Approach S60,,,,,
garmin-approach,Merge,,,,Tag,Equals,Garmin Approach S62,,,,,
garmin-approach,Merge,,,,Tag,Equals,Garmin Approach X10,,,,,
garmin-approach,Merge,,,,Tag,Equals,Garmin Approach X40,,,,,
garmin-d2,Merge,Garmin D2,,any condition,Tag,Equals,Garmin D2,"Garmin D2 Remme | Hurtig & Gratis Fragt over 199,-",Ny Garmin D2 rem? Så er dette stedet for dig! Vi har det største udvalg i Danmark. Hurtig Levering.,parent-collection,Garmin,
garmin-d2,Merge,,,,Tag,Equals,Garmin D2 Charlie,,,,,
garmin-d2,Merge,,,,Tag,Equals,Garmin D2 Delta,,,,,
garmin-descent,Merge,Garmin Descent,,any condition,Tag,Equals,Garmin Descent,Garmin Descent Remme | Enormt Udvalg,"Velkommen til et hav af Garmin Descent Urremme. Bestil inden kl. 15 og vi sender samme dag. Fri Fragt ved køb over 199,-",parent-collection,Garmin,
garmin-descent,Merge,,,,Tag,Equals,Garmin Descent G1,,,,,
garmin-descent,Merge,,,,Tag,Equals,Garmin Descent MK1,,,,,
garmin-descent,Merge,,,,Tag,Equals,Garmin Descent Mk2,,,,,
garmin-descent,Merge,,,,Tag,Equals,Garmin Descent Mk2i,,,,,
garmin-descent,Merge,,,,Tag,Equals,Garmin Descent Mk2S 43mm,,,,,
garmin-edge,Merge,Garmin Edge,,any condition,Tag,Equals,Garmin Edge,Garmin Edge Urremme | Køb en Erstatningsrem til Garmin Edge Her,"Velkommen til et hav af Garmin Edge Urremme. Bestil inden kl. 15 og vi sender samme dag. Fri Fragt ved køb over 199,-",parent-collection,Garmin,
garmin-edge,Merge,,,,Tag,Equals,Garmin Edge 1000,,,,,
garmin-edge,Merge,,,,Tag,Equals,Garmin Edge 1030,,,,,
garmin-edge,Merge,,,,Tag,Equals,Garmin Edge 1030 Plus,,,,,
garmin-edge,Merge,,,,Tag,Equals,Garmin Edge 1040,,,,,
garmin-edge,Merge,,,,Tag,Equals,Garmin Edge 130,,,,,
garmin-edge,Merge,,,,Tag,Equals,Garmin Edge 200,,,,,
garmin-edge,Merge,,,,Tag,Equals,Garmin Edge 25,,,,,
garmin-edge,Merge,,,,Tag,Equals,Garmin Edge 500,,,,,
garmin-edge,Merge,,,,Tag,Equals,Garmin Edge 510,,,,,
garmin-edge,Merge,,,,Tag,Equals,Garmin Edge 520,,,,,
garmin-edge,Merge,,,,Tag,Equals,Garmin Edge 530,,,,,
garmin-edge,Merge,,,,Tag,Equals,Garmin Edge 800 / 810,,,,,
garmin-edge,Merge,,,,Tag,Equals,Garmin Edge 800\810,,,,,
garmin-edge,Merge,,,,Tag,Equals,Garmin Edge 820,,,,,
garmin-edge,Merge,,,,Tag,Equals,Garmin Edge 830,,,,,
garmin-edge,Merge,,,,Tag,Equals,Garmin Edge G80,,,,,
garmin-epix,Merge,Garmin Epix,,any condition,Tag,Equals,Garmin Epix,"Garmin Epix Remme | Remme & Tilbehør - Fri Fragt over 199,-",Stort Sortiment af Garmin Epix Urremme. Hurtig Levering. Bedste udvalg og høj service. Find din nye rem i dag.,parent-collection,Garmin,
garmin-epix,Merge,,,,Tag,Equals,Garmin Epix 1,,,,,
garmin-epix,Merge,,,,Tag,Equals,Garmin Epix Gen 2,,,,,
garmin-etrex,Merge,Garmin Etrex,,any condition,Tag,Equals,Garmin Etrex,Garmin Etrex Remme | Stort Udvalg,"Uremme der passer perfekt til Garmin Etrex. Vores lager er fyldt med flotte remme til ganske få kroner. Køber du for mere end 199kroner, betaler vi fragten.",parent-collection,Garmin,
garmin-etrex,Merge,,,,Tag,Equals,Garmin eTrex 10,,,,,
garmin-etrex,Merge,,,,Tag,Equals,Garmin eTrex 20,,,,,
garmin-etrex,Merge,,,,Tag,Equals,Garmin eTrex 201x,,,,,
garmin-etrex,Merge,,,,Tag,Equals,Garmin eTrex 209x,,,,,
garmin-etrex,Merge,,,,Tag,Equals,Garmin eTrex 20x,,,,,
garmin-etrex,Merge,,,,Tag,Equals,Garmin eTrex 22x,,,,,
garmin-etrex,Merge,,,,Tag,Equals,Garmin eTrex 30,,,,,
garmin-etrex,Merge,,,,Tag,Equals,Garmin eTrex 309x,,,,,
garmin-etrex,Merge,,,,Tag,Equals,Garmin eTrex 30x,,,,,
garmin-etrex,Merge,,,,Tag,Equals,Garmin eTrex 32x,,,,,
garmin-fenix,Merge,Garmin Fenix,,any condition,Tag,Equals,Garmin Fenix,"Garmin Fenix Rem | Giga Udvalg - Fri Fragt over 199,-",Er det på tide at udskifte din Garmin Fenix rem? Her kan du købe en nye til få penge. Vi sender inden kl. 15,parent-collection,Garmin,
garmin-fenix,Merge,,,,Tag,Equals,Garmin Fenix 3,,,,,
garmin-fenix,Merge,,,,Tag,Equals,Garmin Fenix 5,,,,,
garmin-fenix,Merge,,,,Tag,Equals,Garmin Fenix 5 Plus,,,,,
garmin-fenix,Merge,,,,Tag,Equals,Garmin Fenix 5S,,,,,
garmin-fenix,Merge,,,,Tag,Equals,Garmin Fenix 5S Plus,,,,,
garmin-fenix,Merge,,,,Tag,Equals,Garmin Fenix 5X,,,,,
garmin-fenix,Merge,,,,Tag,Equals,Garmin Fenix 5X Plus,,,,,
garmin-fenix,Merge,,,,Tag,Equals,Garmin Fenix 6,,,,,
garmin-fenix,Merge,,,,Tag,Equals,Garmin Fenix 6 Pro,,,,,
garmin-fenix,Merge,,,,Tag,Equals,Garmin Fenix 6 Pro Solar,,,,,
garmin-fenix,Merge,,,,Tag,Equals,Garmin Fenix 6S,,,,,
garmin-fenix,Merge,,,,Tag,Equals,Garmin Fenix 6S Pro,,,,,
garmin-fenix,Merge,,,,Tag,Equals,Garmin Fenix 6S Solar Pro,,,,,
garmin-fenix,Merge,,,,Tag,Equals,Garmin Fenix 6X,,,,,
garmin-fenix,Merge,,,,Tag,Equals,Garmin Fenix 6X Pro,,,,,
garmin-fenix,Merge,,,,Tag,Equals,Garmin Fenix 6X Pro Solar,,,,,
garmin-fenix,Merge,,,,Tag,Equals,Garmin Fenix 7,,,,,
garmin-fenix,Merge,,,,Tag,Equals,Garmin Fenix 7S,,,,,
garmin-fenix,Merge,,,,Tag,Equals,Garmin Fenix 7X,,,,,
garmin-fenix,Merge,,,,Tag,Equals,Garmin Fenix Chronos,,,,,
garmin-forerunner,Merge,Garmin Forerunner,,any condition,Tag,Equals,Garmin Forerunner,Garmin Forerunner Rem | Kæmpestort Udvalg,"Alle slags Garmin Forerunner Urremme. Danmarks Største Udvalg. Gratis Levering ved køb over 199,-",parent-collection,Garmin,
garmin-forerunner,Merge,,,,Tag,Equals,Garmin Forerunner 10,,,,,
garmin-forerunner,Merge,,,,Tag,Equals,Garmin Forerunner 110,,,,,
garmin-forerunner,Merge,,,,Tag,Equals,Garmin Forerunner 15,,,,,
garmin-forerunner,Merge,,,,Tag,Equals,Garmin Forerunner 158,,,,,
garmin-forerunner,Merge,,,,Tag,Equals,Garmin Forerunner 210,,,,,
garmin-forerunner,Merge,,,,Tag,Equals,Garmin Forerunner 220,,,,,
garmin-forerunner,Merge,,,,Tag,Equals,Garmin Forerunner 225,,,,,
garmin-forerunner,Merge,,,,Tag,Equals,Garmin Forerunner 230,,,,,
garmin-forerunner,Merge,,,,Tag,Equals,Garmin Forerunner 235,,,,,
garmin-forerunner,Merge,,,,Tag,Equals,Garmin Forerunner 245,,,,,
garmin-forerunner,Merge,,,,Tag,Equals,Garmin Forerunner 245 Music,,,,,
garmin-forerunner,Merge,,,,Tag,Equals,Garmin Forerunner 25 Large,,,,,
garmin-forerunner,Merge,,,,Tag,Equals,Garmin Forerunner 25 Small,,,,,
garmin-forerunner,Merge,,,,Tag,Equals,Garmin Forerunner 255,,,,,
garmin-forerunner,Merge,,,,Tag,Equals,Garmin Forerunner 255S,,,,,
garmin-forerunner,Merge,,,,Tag,Equals,Garmin Forerunner 30,,,,,
garmin-forerunner,Merge,,,,Tag,Equals,Garmin Forerunner 310XT,,,,,
garmin-forerunner,Merge,,,,Tag,Equals,Garmin Forerunner 35,,,,,
garmin-forerunner,Merge,,,,Tag,Equals,Garmin Forerunner 410,,,,,
garmin-forerunner,Merge,,,,Tag,Equals,Garmin Forerunner 45,,,,,
garmin-forerunner,Merge,,,,Tag,Equals,Garmin Forerunner 45S,,,,,
garmin-forerunner,Merge,,,,Tag,Equals,Garmin Forerunner 55,,,,,
garmin-forerunner,Merge,,,,Tag,Equals,Garmin Forerunner 610,,,,,
garmin-forerunner,Merge,,,,Tag,Equals,Garmin Forerunner 620,,,,,
garmin-forerunner,Merge,,,,Tag,Equals,Garmin Forerunner 630,,,,,
garmin-forerunner,Merge,,,,Tag,Equals,Garmin Forerunner 645,,,,,
garmin-forerunner,Merge,,,,Tag,Equals,Garmin Forerunner 645 Music,,,,,
garmin-forerunner,Merge,,,,Tag,Equals,Garmin Forerunner 735,,,,,
garmin-forerunner,Merge,,,,Tag,Equals,Garmin Forerunner 735XT,,,,,
garmin-forerunner,Merge,,,,Tag,Equals,Garmin Forerunner 745,,,,,
garmin-forerunner,Merge,,,,Tag,Equals,Garmin Forerunner 910XT,,,,,
garmin-forerunner,Merge,,,,Tag,Equals,Garmin Forerunner 920 XT,,,,,
garmin-forerunner,Merge,,,,Tag,Equals,Garmin Forerunner 935,,,,,
garmin-forerunner,Merge,,,,Tag,Equals,Garmin Forerunner 945,,,,,
garmin-forerunner,Merge,,,,Tag,Equals,Garmin Forerunner 955,,,,,
garmin-instinct,Merge,Garmin Instinct,,any condition,Tag,Equals,Garmin Instinct,Garmin Instinct Rem | Stort Sortiment af Remme til Garmin Instinct,Er det på tide at udskifte din Garmin Instinct rem? Her kan du købe en nye til få penge. Vi sender inden kl. 15,parent-collection,Garmin,
garmin-instinct,Merge,,,,Tag,Equals,Garmin Instinct 2,,,,,
garmin-instinct,Merge,,,,Tag,Equals,Garmin Instinct 2S,,,,,
garmin-instinct,Merge,,,,Tag,Equals,Garmin Instinct Esports,,,,,
garmin-instinct,Merge,,,,Tag,Equals,Garmin Instinct Solar,,,,,
garmin-instinct,Merge,,,,Tag,Equals,Garmin Instinct Tactical,,,,,
garmin-instinct,Merge,,,,Tag,Equals,Garmin Instinct Tide,,,,,
garmin-legacy,Merge,Garmin Legacy,,any condition,Tag,Equals,Garmin Legacy,Garmin Legacy Remme | Kæmpe Udvalg,Stort udvalg af remme til Garmin Legacy. Danmarks Største udvalg af Smartwatch urremme. Vi sender inden kl. 15 i dag.,parent-collection,Garmin,
garmin-legacy,Merge,,,,Tag,Equals,Garmin Legacy 1,,,,,
garmin-legacy,Merge,,,,Tag,Equals,Garmin Legacy Hero,,,,,
garmin-legacy,Merge,,,,Tag,Equals,Garmin Legacy Saga,,,,,
garmin-marq,Merge,Garmin MARQ,,any condition,Tag,Equals,Garmin MARQ,Garmin MARQ Remme | Mægtigt Udvalg,"Alle slags Garmin MARQ Urremme. Danmarks Største Udvalg. Gratis Levering ved køb over 199,-",parent-collection,Garmin,
garmin-marq,Merge,,,,Tag,Equals,Garmin MARQ Adventurer,,,,,
garmin-marq,Merge,,,,Tag,Equals,Garmin MARQ Aviator,,,,,
garmin-marq,Merge,,,,Tag,Equals,Garmin MARQ Captain,,,,,
garmin-marq,Merge,,,,Tag,Equals,Garmin MARQ Driver,,,,,
garmin-quatix,Merge,Garmin Quatix,,any condition,Tag,Equals,Garmin Quatix,Garmin Quatix Urremme | Bedste Udvalg Urremme til Garmin Quatix,"Alle slags Garmin Quatix Urremme. Danmarks Største Udvalg. Gratis Levering ved køb over 199,-",parent-collection,Garmin,
garmin-quatix,Merge,,,,Tag,Equals,Garmin Quatix 3,,,,,
garmin-quatix,Merge,,,,Tag,Equals,Garmin Quatix 5,,,,,
garmin-quatix,Merge,,,,Tag,Equals,Garmin Quatix 5 Sapphire,,,,,
garmin-quatix,Merge,,,,Tag,Equals,Garmin Quatix 6,,,,,
garmin-quatix,Merge,,,,Tag,Equals,Garmin Quatix 6X,,,,,
garmin-quatix,Merge,,,,Tag,Equals,Garmin Quatix 7,,,,,
garmin-swim,Merge,Garmin Swim,,any condition,Tag,Equals,Garmin Swim,"Garmin Swim Urremme | Hurtig & Gratis Fragt over 199,-","Kæmpe Udvalg af Garmin Swim Urremme. Køb for 199,- og vi betaler Fragten. Hurtigt Service. Danmarks Største Udvalg af Remme.",parent-collection,Garmin,
garmin-swim,Merge,,,,Tag,Equals,Garmin Swim 1,,,,,
garmin-swim,Merge,,,,Tag,Equals,Garmin Swim 2,,,,,
garmin-tactix,Merge,Garmin Tactix,,any condition,Tag,Equals,Garmin Tactix,"Garmin Tactix Urremme | Gratis Fragt over 199,-",Stort udvalg af remme til Garmin Tactix. Danmarks Største udvalg af Smartwatch urremme. Vi sender inden kl. 15 i dag.,parent-collection,Garmin,
garmin-tactix,Merge,,,,Tag,Equals,Garmin Tactix 7,,,,,
garmin-tactix,Merge,,,,Tag,Equals,Garmin Tactix 7 Pro,,,,,
garmin-tactix,Merge,,,,Tag,Equals,Garmin Tactix Charlie,,,,,
garmin-tactix,Merge,,,,Tag,Equals,Garmin Tactix Delta,,,,,
garmin-venu,Merge,Garmin Venu,,any condition,Tag,Equals,Garmin Venu,Garmin Venu Rem | Enormt Udvalg af Urremme til Garmin Venu,Stort Sortiment af Garmin Venu Urremme. Hurtig Levering. Bedste udvalg og høj service. Find din nye rem i dag.,parent-collection,Garmin,
garmin-venu,Merge,,,,Tag,Equals,Garmin Venu 2,,,,,
garmin-venu,Merge,,,,Tag,Equals,Garmin Venu 2 Plus,,,,,
garmin-venu,Merge,,,,Tag,Equals,Garmin Venu 2S,,,,,
garmin-venu,Merge,,,,Tag,Equals,Garmin Venu Sq,,,,,
garmin-vivoactive,Merge,Garmin Vivoactive,,any condition,Tag,Equals,Garmin Vivoactive,Garmin Vivoactive Rem | Køb ny rem til Garmin Vivoactive Her,"Alle slags Garmin Vivoactive Urremme. Danmarks Største Udvalg. Gratis Levering ved køb over 199,-",parent-collection,Garmin,
garmin-vivoactive,Merge,,,,Tag,Equals,Garmin Vivoactive 3,,,,,
garmin-vivoactive,Merge,,,,Tag,Equals,Garmin Vivoactive 3 Music,,,,,
garmin-vivoactive,Merge,,,,Tag,Equals,Garmin Vivoactive 3 Trainer,,,,,
garmin-vivoactive,Merge,,,,Tag,Equals,Garmin Vivoactive 4,,,,,
garmin-vivoactive,Merge,,,,Tag,Equals,Garmin Vivoactive 4S,,,,,
garmin-vivoactive,Merge,,,,Tag,Equals,Garmin Vivoactive Acetate,,,,,
garmin-vivoactive,Merge,,,,Tag,Equals,Garmin Vivoactive HR,,,,,
garmin-vivofit,Merge,Garmin Vivofit,,any condition,Tag,Equals,Garmin Vivofit,"Garmin Vivofit Rem | Fri Fragt over 199,-",Stort Sortiment af Garmin Vivofit Urremme. Hurtig Levering. Bedste udvalg og høj service. Find din nye rem i dag.,parent-collection,Garmin,
garmin-vivofit,Merge,,,,Tag,Equals,Garmin Vivofit 1,,,,,
garmin-vivofit,Merge,,,,Tag,Equals,Garmin Vivofit 2,,,,,
garmin-vivofit,Merge,,,,Tag,Equals,Garmin Vivofit 3,,,,,
garmin-vivofit,Merge,,,,Tag,Equals,Garmin Vivofit 4,,,,,
garmin-vivofit,Merge,,,,Tag,Equals,Garmin Vivofit JR,,,,,
garmin-vivofit,Merge,,,,Tag,Equals,Garmin Vivofit JR 2,,,,,
garmin-vivofit,Merge,,,,Tag,Equals,Garmin Vivofit Jr 3,,,,,
garmin-vivomove,Merge,Garmin Vivomove,,any condition,Tag,Equals,Garmin Vivomove,Garmin Vivomove Rem | Mega Udvalg af remme til Garmin Vivomove,Ny Garmin Vivomove rem? Så er dette stedet for dig! Vi har det største udvalg i Danmark. Hurtig Levering.,parent-collection,Garmin,
garmin-vivomove,Merge,,,,Tag,Equals,Garmin Vivomove 3,,,,,
garmin-vivomove,Merge,,,,Tag,Equals,Garmin Vivomove 3S,,,,,
garmin-vivomove,Merge,,,,Tag,Equals,Garmin Vivomove HR,,,,,
garmin-vivomove,Merge,,,,Tag,Equals,Garmin Vivomove Luxe,,,,,
garmin-vivomove,Merge,,,,Tag,Equals,Garmin Vivomove Sport,,,,,
garmin-vivomove,Merge,,,,Tag,Equals,Garmin Vivomove Style,,,,,
garmin-vivosmart,Merge,Garmin Vivosmart,,any condition,Tag,Equals,Garmin Vivosmart,"Garmin Vivosmart Rem | Bedste Udvalg - Fri Fragt over 199,-",Stort Sortiment af Garmin Vivosmart Urremme. Hurtig Levering. Bedste udvalg og høj service. Find din nye rem i dag.,parent-collection,Garmin,
garmin-vivosmart,Merge,,,,Tag,Equals,Garmin Vivosmart 3,,,,,
garmin-vivosmart,Merge,,,,Tag,Equals,Garmin Vivosmart 4,,,,,
garmin-vivosmart,Merge,,,,Tag,Equals,Garmin Vivosmart 5,,,,,
garmin-vivosmart,Merge,,,,Tag,Equals,Garmin Vivosmart HR,,,,,
garmin-vivosmart,Merge,,,,Tag,Equals,Garmin Vivosmart HR+,,,,,
honor-band,Merge,Honor Band,,any condition,Tag,Equals,Honor Band,"Honor Band Remme | Hurtig & Fri Fragt over 199,-",Ny Honor Band rem? Så er dette stedet for dig! Vi har det største udvalg i Danmark. Hurtig Levering.,parent-collection,Honor,
honor-band,Merge,,,,Tag,Equals,Honor Band 3,,,,,
honor-band,Merge,,,,Tag,Equals,Honor Band 5,,,,,
honor-band,Merge,,,,Tag,Equals,Honor Band 5i,,,,,
honor-band,Merge,,,,Tag,Equals,Honor Band 6,,,,,
honor-magicwatch,Merge,Honor MagicWatch,,any condition,Tag,Equals,Honor MagicWatch,Honor MagicWatch Urremme | Bedste Sortiment af Urremme til Honor MagicWatch,Stort Sortiment af Honor MagicWatch Urremme. Hurtig Levering. Bedste udvalg og høj service. Find din nye rem i dag.,parent-collection,Honor,
honor-magicwatch,Merge,,,,Tag,Equals,Honor MagicWatch 2 42mm,,,,,
honor-magicwatch,Merge,,,,Tag,Equals,Honor MagicWatch 2 46mm,,,,,
honor-watch,Merge,Honor Watch,,any condition,Tag,Equals,Honor Watch,Honor Watch Remme | Bedste Udvalg i Danmark,"Mangler du en ny Honor Watch urrem? Her finder du et stort udvalg af alle slags remme. GRATIS fragt ved køb over 199,-",parent-collection,Honor,
honor-watch,Merge,,,,Tag,Equals,Honor Watch Dream,,,,,
honor-watch,Merge,,,,Tag,Equals,Honor Watch ES,,,,,
honor-watch,Merge,,,,Tag,Equals,Honor Watch GS 3,,,,,
honor-watch,Merge,,,,Tag,Equals,Honor Watch GS Pro,,,,,
huawei-band-2-tilbehor,Merge,Huawei Band 2 Tilbehør,,any condition,Tag,Equals,Huawei Band 2 Tilbehør,"Huawei Band 2 Tilbehør Remme | Hurtig & Gratis Fragt over 199,-",Stort Sortiment af Huawei Band 2 Tilbehør Urremme. Hurtig Levering. Bedste udvalg og høj service. Find din nye rem i dag.,parent-collection,Huawei,
huawei-band-2-tilbehor,Merge,,,,Tag,Equals,Huawei Band 2,,,,,
huawei-band-2-tilbehor,Merge,,,,Tag,Equals,Huawei Band 2 Pro,,,,,
huawei-band-3-tilbehor,Merge,Huawei Band 3 Tilbehør,,any condition,Tag,Equals,Huawei Band 3 Tilbehør,Huawei Band 3 Tilbehør Urremme | Stort Sortiment af Urremme til Huawei Band 3 Tilbehør,Stort Sortiment af Huawei Band 3 Tilbehør Urremme. Hurtig Levering. Bedste udvalg og høj service. Find din nye rem i dag.,parent-collection,Huawei,
huawei-band-3-tilbehor,Merge,,,,Tag,Equals,Huawei Band 3,,,,,
huawei-band-3-tilbehor,Merge,,,,Tag,Equals,Huawei Band 3 Pro,,,,,
huawei-band-6-tilbehor,Merge,Huawei Band 6 Tilbehør,,any condition,Tag,Equals,Huawei Band 6 Tilbehør,Huawei Band 6 Tilbehør Remme | Bedste Udvalg,Stort udvalg af remme til Huawei Band 6 Tilbehør. Danmarks Største udvalg af Smartwatch urremme. Vi sender inden kl. 15 i dag.,parent-collection,Huawei,
huawei-band-6-tilbehor,Merge,,,,Tag,Equals,Huawei Band 6,,,,,
huawei-band-6-tilbehor,Merge,,,,Tag,Equals,Huawei Band 6 Pro,,,,,
huawei-talkband,Merge,Huawei TalkBand,,any condition,Tag,Equals,Huawei TalkBand,"Huawei TalkBand Remme | Gratis Levering over 199,-",Stort udvalg af remme til Huawei TalkBand. Danmarks Største udvalg af Smartwatch urremme. Vi sender inden kl. 15 i dag.,parent-collection,Huawei,
huawei-talkband,Merge,,,,Tag,Equals,Huawei TalkBand B2 Active,,,,,
huawei-talkband,Merge,,,,Tag,Equals,Huawei TalkBand B3,,,,,
huawei-talkband,Merge,,,,Tag,Equals,Huawei TalkBand B5,,,,,
huawei-talkband,Merge,,,,Tag,Equals,Huawei TalkBand B6,,,,,
huawei-watch-2-tilbehor,Merge,Huawei Watch 2 Tilbehør,,any condition,Tag,Equals,Huawei Watch 2 Tilbehør,Huawei Watch 2 Tilbehør Urremme | Mægtigt Sortiment af Urremme til Huawei Watch 2 Tilbehør,"Velkommen til et hav af Huawei Watch 2 Tilbehør Urremme. Bestil inden kl. 15 og vi sender samme dag. Fri Fragt ved køb over 199,-",parent-collection,Huawei,
huawei-watch-2-tilbehor,Merge,,,,Tag,Equals,Huawei Watch 2,,,,,
huawei-watch-2-tilbehor,Merge,,,,Tag,Equals,Huawei Watch 2 Classic,,,,,
huawei-watch-2-tilbehor,Merge,,,,Tag,Equals,Huawei Watch 2 Pro,,,,,
huawei-watch-3-tilbehor,Merge,Huawei Watch 3 Tilbehør,,any condition,Tag,Equals,Huawei Watch 3 Tilbehør,Huawei Watch 3 Tilbehør Remme | Største Udvalg i Danmark,Ny Huawei Watch 3 Tilbehør rem? Så er dette stedet for dig! Vi har det største udvalg i Danmark. Hurtig Levering.,parent-collection,Huawei,
huawei-watch-3-tilbehor,Merge,,,,Tag,Equals,Huawei Watch 3,,,,,
huawei-watch-3-tilbehor,Merge,,,,Tag,Equals,Huawei Watch 3 Pro,,,,,
huawei-watch-fit-tilbehor,Merge,Huawei Watch Fit Tilbehør,,any condition,Tag,Equals,Huawei Watch Fit Tilbehør,Huawei Watch Fit Tilbehør Urremme | Køb en Erstatningsrem til Huawei Watch Fit Tilbehør Her,"Mangler du en ny Huawei Watch Fit Tilbehør urrem? Her finder du et stort udvalg af alle slags remme. GRATIS fragt ved køb over 199,-",parent-collection,Huawei,
huawei-watch-fit-tilbehor,Merge,,,,Tag,Equals,Huawei Watch Fit,,,,,
huawei-watch-fit-tilbehor,Merge,,,,Tag,Equals,Huawei Watch Fit 2,,,,,
huawei-watch-fit-tilbehor,Merge,,,,Tag,Equals,Huawei Watch Fit Mini,,,,,
huawei-watch-gt-tilbehor,Merge,Huawei Watch GT Tilbehør,,any condition,Tag,Equals,Huawei Watch GT Tilbehør,"Huawei Watch GT Tilbehør Remme | Urremme & Tilbehør - Fri Levering over 199,-",Stort Sortiment af Huawei Watch GT Tilbehør Urremme. Hurtig Levering. Bedste udvalg og høj service. Find din nye rem i dag.,parent-collection,Huawei,
huawei-watch-gt-tilbehor,Merge,,,,Tag,Equals,Huawei Watch GT,,,,,
huawei-watch-gt-tilbehor,Merge,,,,Tag,Equals,Huawei Watch GT Elegant Edition,,,,,
huawei-watch-gt-tilbehor,Merge,,,,Tag,Equals,Huawei Watch GT Runner,,,,,
huawei-watch-gt-2-tilbehor,Merge,Huawei Watch GT 2 Tilbehør,,any condition,Tag,Equals,Huawei Watch GT 2 Tilbehør,Huawei Watch GT 2 Tilbehør Remme | Find en ny Urrem til Huawei Watch GT 2 Tilbehør Her,"Velkommen til et hav af Huawei Watch GT 2 Tilbehør Urremme. Bestil inden kl. 15 og vi sender samme dag. Fri Fragt ved køb over 199,-",parent-collection,Huawei,
huawei-watch-gt-2-tilbehor,Merge,,,,Tag,Equals,Huawei Watch GT 2 42mm,,,,,
huawei-watch-gt-2-tilbehor,Merge,,,,Tag,Equals,Huawei Watch GT 2 46mm,,,,,
huawei-watch-gt-2-tilbehor,Merge,,,,Tag,Equals,Huawei Watch GT 2 Pro,,,,,
huawei-watch-gt-2-tilbehor,Merge,,,,Tag,Equals,Huawei Watch GT 2e,,,,,
huawei-watch-gt-2-tilbehor,Merge,,,,Tag,Equals,Huawei Watch GT 2 Pro (Porsche Design),,,,,
huawei-watch-gt-3-tilbehor,Merge,Huawei Watch GT 3 Tilbehør,,any condition,Tag,Equals,Huawei Watch GT 3 Tilbehør,Huawei Watch GT 3 Tilbehør Remme | Bedste Udvalg i Danmark,Stort Sortiment af Huawei Watch GT 3 Tilbehør Urremme. Hurtig Levering. Bedste udvalg og høj service. Find din nye rem i dag.,parent-collection,Huawei,
huawei-watch-gt-3-tilbehor,Merge,,,,Tag,Equals,Huawei Watch GT 3 (42mm),,,,,
huawei-watch-gt-3-tilbehor,Merge,,,,Tag,Equals,Huawei Watch GT 3 (46mm),,,,,
huawei-watch-gt-3-tilbehor,Merge,,,,Tag,Equals,Huawei Watch GT 3 Pro 43mm,,,,,
huawei-watch-gt-3-tilbehor,Merge,,,,Tag,Equals,Huawei Watch GT 3 Pro 46mm,,,,,
oppo-watch,Merge,Oppo Watch,,any condition,Tag,Equals,Oppo Watch,Oppo Watch Urremme | Kæmpestort Udvalg af Remme til Oppo Watch,Ny Oppo Watch rem? Så er dette stedet for dig! Vi har det største udvalg i Danmark. Hurtig Levering.,parent-collection,Oppo,
oppo-watch,Merge,,,,Tag,Equals,Oppo Watch (41mm),,,,,
oppo-watch,Merge,,,,Tag,Equals,Oppo Watch (46mm),,,,,
oppo-watch-2,Merge,Oppo Watch 2,,any condition,Tag,Equals,Oppo Watch 2,Oppo Watch 2 Urremme | Enormt Udvalg,"Mangler du en ny Oppo Watch 2 urrem? Her finder du et stort udvalg af alle slags remme. GRATIS fragt ved køb over 199,-",parent-collection,Oppo,
oppo-watch-2,Merge,,,,Tag,Equals,Oppo Watch 2 (42mm),,,,,
oppo-watch-2,Merge,,,,Tag,Equals,Oppo Watch 2 (46mm),,,,,
polar-a,Merge,Polar A,,any condition,Tag,Equals,Polar A,Polar A Remme | Stort Sortiment af Remme til Polar A,"Alle slags Polar A Urremme. Danmarks Største Udvalg. Gratis Levering ved køb over 199,-",parent-collection,Polar,
polar-a,Merge,,,,Tag,Equals,Polar A300,,,,,
polar-a,Merge,,,,Tag,Equals,Polar A360,,,,,
polar-a,Merge,,,,Tag,Equals,Polar A370,,,,,
polar-ft,Merge,Polar FT,,any condition,Tag,Equals,Polar FT,Polar FT Remme | Mægtigt Sortiment,"Kæmpe Udvalg af Polar FT Urremme. Køb for 199,- og vi betaler Fragten. Hurtigt Service. Danmarks Største Udvalg af Remme.",parent-collection,Polar,
polar-ft,Merge,,,,Tag,Equals,Polar FT4,,,,,
polar-ft,Merge,,,,Tag,Equals,Polar FT60,,,,,
polar-ft,Merge,,,,Tag,Equals,Polar FT7,,,,,
polar-grit,Merge,Polar Grit,,any condition,Tag,Equals,Polar Grit,Polar Grit Urremme | Køb ny Urrem til Polar Grit Her,"Velkommen til et hav af Polar Grit Urremme. Bestil inden kl. 15 og vi sender samme dag. Fri Fragt ved køb over 199,-",parent-collection,Polar,
polar-grit,Merge,,,,Tag,Equals,Polar Grit X,,,,,
polar-grit,Merge,,,,Tag,Equals,Polar Grit X Pro,,,,,
polar-ignite-tilbehor,Merge,Polar Ignite Tilbehør,,any condition,Tag,Equals,Polar Ignite Tilbehør,"Polar Ignite Tilbehør Urremme | Gratis Fragt over 199,-","Mangler du en ny Polar Ignite Tilbehør urrem? Her finder du et stort udvalg af alle slags remme. GRATIS fragt ved køb over 199,-",parent-collection,Polar,
polar-ignite-tilbehor,Merge,,,,Tag,Equals,Polar Ignite,,,,,
polar-ignite-tilbehor,Merge,,,,Tag,Equals,Polar Ignite 2,,,,,
polar-m,Merge,Polar M,,any condition,Tag,Equals,Polar M,Polar M Remme | Største Udvalg i Danmark,Stort Sortiment af Polar M Urremme. Hurtig Levering. Bedste udvalg og høj service. Find din nye rem i dag.,parent-collection,Polar,
polar-m,Merge,,,,Tag,Equals,Polar M200,,,,,
polar-m,Merge,,,,Tag,Equals,Polar M400,,,,,
polar-m,Merge,,,,Tag,Equals,Polar M430,,,,,
polar-m,Merge,,,,Tag,Equals,Polar M450,,,,,
polar-m,Merge,,,,Tag,Equals,Polar M600,,,,,
polar-v,Merge,Polar V,,any condition,Tag,Equals,Polar V,Polar V Urremme | Kæmpe Udvalg,"Alle slags Polar V Urremme. Danmarks Største Udvalg. Gratis Levering ved køb over 199,-",parent-collection,Polar,
polar-v,Merge,,,,Tag,Equals,Polar V650,,,,,
polar-v,Merge,,,,Tag,Equals,Polar V800,,,,,
polar-vantage,Merge,Polar Vantage,,any condition,Tag,Equals,Polar Vantage,Polar Vantage Urremme | Lækre Urremme til Polar Vantage,"Mangler du en ny Polar Vantage urrem? Her finder du et stort udvalg af alle slags remme. GRATIS fragt ved køb over 199,-",parent-collection,Polar,
polar-vantage,Merge,,,,Tag,Equals,Polar Vantage M,,,,,
polar-vantage,Merge,,,,Tag,Equals,Polar Vantage M2,,,,,
polar-vantage,Merge,,,,Tag,Equals,Polar Vantage V,,,,,
polar-vantage,Merge,,,,Tag,Equals,Polar Vantage V2,,,,,
samsung-galaxy-fit-tilbehor,Merge,Samsung Galaxy Fit Tilbehør,,any condition,Tag,Equals,Samsung Galaxy Fit Tilbehør,Samsung Galaxy Fit Tilbehør Urremme | Mægtigt Sortiment,Stort udvalg af remme til Samsung Galaxy Fit Tilbehør. Danmarks Største udvalg af Smartwatch urremme. Vi sender inden kl. 15 i dag.,parent-collection,Samsung,
samsung-galaxy-fit-tilbehor,Merge,,,,Tag,Equals,Samsung Galaxy Fit,,,,,
samsung-galaxy-fit-tilbehor,Merge,,,,Tag,Equals,Samsung Galaxy Fit-e,,,,,
samsung-galaxy-fit-2-tilbehor,Merge,Samsung Galaxy Fit 2 Tilbehør,,any condition,Tag,Equals,Samsung Galaxy Fit 2 Tilbehør,Samsung Galaxy Fit 2 Tilbehør Urremme | Gigantisk Udvalg,Er det på tide at udskifte din Samsung Galaxy Fit 2 Tilbehør rem? Her kan du købe en nye til få penge. Vi sender inden kl. 15,parent-collection,Samsung,
samsung-galaxy-fit-2-tilbehor,Merge,,,,Tag,Equals,Samsung Galaxy Fit 2,,,,,
samsung-galaxy-fit-2-tilbehor,Merge,,,,Tag,Equals,Samsung Gear Fit2,,,,,
samsung-galaxy-fit-2-tilbehor,Merge,,,,Tag,Equals,Samsung Gear Fit2 Pro,,,,,
samsung-galaxy-watch,Merge,Samsung Galaxy Watch,,any condition,Tag,Equals,Samsung Galaxy Watch,"Samsung Galaxy Watch Remme | Urremme & Tilbehør - Fri Levering over 199,-","Velkommen til et hav af Samsung Galaxy Watch Urremme. Bestil inden kl. 15 og vi sender samme dag. Fri Fragt ved køb over 199,-",parent-collection,Samsung,
samsung-galaxy-watch,Merge,,,,Tag,Equals,Samsung Galaxy Watch (42mm),,,,,
samsung-galaxy-watch,Merge,,,,Tag,Equals,Samsung Galaxy Watch (46mm),,,,,
samsung-galaxy-watch-3,Merge,Samsung Galaxy Watch 3,,any condition,Tag,Equals,Samsung Galaxy Watch 3,Samsung Galaxy Watch 3 Urremme | Find en ny rem til Samsung Galaxy Watch 3 Her,Stort Sortiment af Samsung Galaxy Watch 3 Urremme. Hurtig Levering. Bedste udvalg og høj service. Find din nye rem i dag.,parent-collection,Samsung,
samsung-galaxy-watch-3,Merge,,,,Tag,Equals,Samsung Galaxy Watch 3 (41mm),,,,,
samsung-galaxy-watch-3,Merge,,,,Tag,Equals,Samsung Galaxy Watch 3 (45mm),,,,,
samsung-galaxy-watch-3,Merge,,,,Tag,Equals,Samsung Galaxy Watch 3 (46mm),,,,,
samsung-galaxy-watch-4,Merge,Samsung Galaxy Watch 4,,any condition,Tag,Equals,Samsung Galaxy Watch 4,Samsung Galaxy Watch 4 Remme | Bedste Udvalg i Danmark,Stort Sortiment af Samsung Galaxy Watch 4 Urremme. Hurtig Levering. Bedste udvalg og høj service. Find din nye rem i dag.,parent-collection,Samsung,
samsung-galaxy-watch-4,Merge,,,,Tag,Equals,Samsung Galaxy Watch 4 (40mm),,,,,
samsung-galaxy-watch-4,Merge,,,,Tag,Equals,Samsung Galaxy Watch 4 (44mm),,,,,
samsung-galaxy-watch-4,Merge,,,,Tag,Equals,Samsung Galaxy Watch 4 Classic (42mm),,,,,
samsung-galaxy-watch-4,Merge,,,,Tag,Equals,Samsung Galaxy Watch 4 Classic (46mm),,,,,
samsung-galaxy-watch-5,Merge,Samsung Galaxy Watch 5,,any condition,Tag,Equals,Samsung Galaxy Watch 5,Samsung Galaxy Watch 5 Remme | Lækre Urremme til Samsung Galaxy Watch 5,"Uremme til Samsung Galaxy Watch 5 hos Danmarks Største Udvalg. Bestil inden. Kl 15 og vi sender i Dag. Køb for mere end 199,- og du får Gratis Fragt.",parent-collection,Samsung,
samsung-galaxy-watch-5,Merge,,,,Tag,Equals,Samsung Galaxy Watch 5 (40mm),,,,,
samsung-galaxy-watch-5,Merge,,,,Tag,Equals,Samsung Galaxy Watch 5 (44mm),,,,,
samsung-galaxy-watch-5,Merge,,,,Tag,Equals,Samsung Galaxy Watch 5 Pro,,,,,
samsung-galaxy-watch-active-2,Merge,Samsung Galaxy Watch Active 2,,any condition,Tag,Equals,Samsung Galaxy Watch Active 2,Samsung Galaxy Watch Active 2 Urremme | Find en ny rem til Samsung Galaxy Watch Active 2 Her,Stort Sortiment af Samsung Galaxy Watch Active 2 Urremme. Hurtig Levering. Bedste udvalg og høj service. Find din nye rem i dag.,parent-collection,Samsung,
samsung-galaxy-watch-active-2,Merge,,,,Tag,Equals,Samsung Galaxy Watch Active 2 - 40mm,,,,,
samsung-galaxy-watch-active-2,Merge,,,,Tag,Equals,Samsung Galaxy Watch Active 2 - 44mm,,,,,
samsung-gear-s2-tilbehor,Merge,Samsung Gear S2 Tilbehør,,any condition,Tag,Equals,Samsung Gear S2 Tilbehør,Samsung Gear S2 Tilbehør Urremme | Køb en Erstatningsrem til Samsung Gear S2 Tilbehør Her,"Uremme der passer perfekt til Samsung Gear S2 Tilbehør. Vores lager er fyldt med flotte remme til ganske få kroner. Køber du for mere end 199kroner, betaler vi fragten.",parent-collection,Samsung,
samsung-gear-s2-tilbehor,Merge,,,,Tag,Equals,Samsung Gear S2,,,,,
samsung-gear-s2-tilbehor,Merge,,,,Tag,Equals,Samsung Gear S2 Classic,,,,,
samsung-gear-s3-tilbehor,Merge,Samsung Gear S3 Tilbehør,,any condition,Tag,Equals,Samsung Gear S3 Tilbehør,Samsung Gear S3 Tilbehør Urremme | Køb en Erstatningsrem til Samsung Gear S3 Tilbehør Her,Er det på tide at udskifte din Samsung Gear S3 Tilbehør rem? Her kan du købe en nye til få penge. Vi sender inden kl. 15,parent-collection,Samsung,
samsung-gear-s3-tilbehor,Merge,,,,Tag,Equals,Samsung Gear S3,,,,,
samsung-gear-s3-tilbehor,Merge,,,,Tag,Equals,Samsung Gear S3 Active,,,,,
samsung-gear-s3-tilbehor,Merge,,,,Tag,Equals,Samsung Gear S3 Frontier,,,,,
suunto-3-tilbehor,Merge,Suunto 3 Tilbehør,,any condition,Tag,Equals,Suunto 3 Tilbehør,Suunto 3 Tilbehør Urremme | Gigantisk Udvalg af Remme til Suunto 3 Tilbehør,Stort udvalg af remme til Suunto 3 Tilbehør. Danmarks Største udvalg af Smartwatch urremme. Vi sender inden kl. 15 i dag.,parent-collection,Suunto,
suunto-3-tilbehor,Merge,,,,Tag,Equals,Suunto 3,,,,,
suunto-3-tilbehor,Merge,,,,Tag,Equals,Suunto 3 Fitness,,,,,
suunto-9-tilbehor,Merge,Suunto 9 Tilbehør,,any condition,Tag,Equals,Suunto 9 Tilbehør,"Suunto 9 Tilbehør Urremme | Gratis Fragt over 199,-",Lækre remme til Suunto 9 Tilbehør. Kæmpe Udvalg. Hurtig Levering og FRI Fragt over 199kr.,parent-collection,Suunto,
suunto-9-tilbehor,Merge,,,,Tag,Equals,Suunto 9,,,,,
suunto-9-tilbehor,Merge,,,,Tag,Equals,Suunto 9 Baro,,,,,
suunto-9-tilbehor,Merge,,,,Tag,Equals,Suunto 9 Peak,,,,,
suunto-ambit-tilbehor,Merge,Suunto Ambit Tilbehør,,any condition,Tag,Equals,Suunto Ambit Tilbehør,Suunto Ambit Tilbehør Remme | Giga Udvalg,"Velkommen til et hav af Suunto Ambit Tilbehør Urremme. Bestil inden kl. 15 og vi sender samme dag. Fri Fragt ved køb over 199,-",parent-collection,Suunto,
suunto-ambit-tilbehor,Merge,,,,Tag,Equals,Suunto Ambit,,,,,
suunto-ambit-tilbehor,Merge,,,,Tag,Equals,Suunto Ambit2,,,,,
suunto-ambit-tilbehor,Merge,,,,Tag,Equals,Suunto Ambit3,,,,,
suunto-ambit-tilbehor,Merge,,,,Tag,Equals,Suunto Ambit3 Vertical,,,,,
suunto-core-tilbehor,Merge,Suunto Core Tilbehør,,any condition,Tag,Equals,Suunto Core Tilbehør,Suunto Core Tilbehør Remme | Bedste Udvalg i Danmark,Er det på tide at udskifte din Suunto Core Tilbehør rem? Her kan du købe en nye til få penge. Vi sender inden kl. 15,parent-collection,Suunto,
suunto-core-tilbehor,Merge,,,,Tag,Equals,Suunto Core,,,,,
suunto-core-tilbehor,Merge,,,,Tag,Equals,Suunto Core All Black,,,,,
suunto-core-tilbehor,Merge,,,,Tag,Equals,Suunto Core Alu Black,,,,,
suunto-d4-tilbehor,Merge,Suunto D4 Tilbehør,,any condition,Tag,Equals,Suunto D4 Tilbehør,"Suunto D4 Tilbehør Urremme | Stort Udvalg - Fri Fragt over 199,-",Er det på tide at udskifte din Suunto D4 Tilbehør rem? Her kan du købe en nye til få penge. Vi sender inden kl. 15,parent-collection,Suunto,
suunto-d4-tilbehor,Merge,,,,Tag,Equals,Suunto D4,,,,,
suunto-d4-tilbehor,Merge,,,,Tag,Equals,Suunto D4i,,,,,
suunto-d4-tilbehor,Merge,,,,Tag,Equals,Suunto D4i Novo,,,,,
suunto-d6-tilbehor,Merge,Suunto D6 Tilbehør,,any condition,Tag,Equals,Suunto D6 Tilbehør,"Suunto D6 Tilbehør Urremme | Bedste Udvalg - Fri Fragt over 199,-",Ny Suunto D6 Tilbehør rem? Så er dette stedet for dig! Vi har det største udvalg i Danmark. Hurtig Levering.,parent-collection,Suunto,
suunto-d6-tilbehor,Merge,,,,Tag,Equals,Suunto D6i Dive,,,,,
suunto-d6-tilbehor,Merge,,,,Tag,Equals,Suunto D6i Novo,,,,,
suunto-d6-tilbehor,Merge,,,,Tag,Equals,Suunto D6i Zulu,,,,,
suunto-spartan-tilbehor,Merge,Suunto Spartan Tilbehør,,any condition,Tag,Equals,Suunto Spartan Tilbehør,"Suunto Spartan Tilbehør Urremme | Stort Vareudvalg - Fri Fragt over 199,-",Er det på tide at udskifte din Suunto Spartan Tilbehør rem? Her kan du købe en nye til få penge. Vi sender inden kl. 15,parent-collection,Suunto,
suunto-spartan-tilbehor,Merge,,,,Tag,Equals,Suunto Spartan Sport,,,,,
suunto-spartan-tilbehor,Merge,,,,Tag,Equals,Suunto Spartan Sport Wrist HR Baro,,,,,
suunto-spartan-tilbehor,Merge,,,,Tag,Equals,Suunto Spartan Trainer Wrist HR,,,,,
suunto-spartan-tilbehor,Merge,,,,Tag,Equals,Suunto Spartan Ultra,,,,,
tomtom-golfer,Merge,TomTom Golfer,,any condition,Tag,Equals,TomTom Golfer,TomTom Golfer Urremme | Største Udvalg i Danmark,Lækre remme til TomTom Golfer. Kæmpe Udvalg. Hurtig Levering og FRI Fragt over 199kr.,parent-collection,TomTom,
tomtom-golfer,Merge,,,,Tag,Equals,TomTom Golfer 2,,,,,
tomtom-golfer,Merge,,,,Tag,Equals,TomTom Golfer 2 SE,,,,,
tomtom-runner-tilbehor,Merge,TomTom Runner Tilbehør,,any condition,Tag,Equals,TomTom Runner Tilbehør,"TomTom Runner Tilbehør Remme | Stort Udvalg - Fri Fragt over 199,-","Uremme til TomTom Runner Tilbehør hos Danmarks Største Udvalg. Bestil inden. Kl 15 og vi sender i Dag. Køb for mere end 199,- og du får Gratis Fragt.",parent-collection,TomTom,
tomtom-runner-tilbehor,Merge,,,,Tag,Equals,TomTom Runner,,,,,
tomtom-runner-tilbehor,Merge,,,,Tag,Equals,TomTom Runner 2,,,,,
tomtom-runner-tilbehor,Merge,,,,Tag,Equals,TomTom Runner 3,,,,,
tomtom-spark-tilbehor,Merge,TomTom Spark Tilbehør,,any condition,Tag,Equals,TomTom Spark Tilbehør,TomTom Spark Tilbehør Urremme | Bedste Udvalg Remme til TomTom Spark Tilbehør,"Uremme til TomTom Spark Tilbehør hos Danmarks Største Udvalg. Bestil inden. Kl 15 og vi sender i Dag. Køb for mere end 199,- og du får Gratis Fragt.",parent-collection,TomTom,
tomtom-spark-tilbehor,Merge,,,,Tag,Equals,TomTom Spark,,,,,
tomtom-spark-tilbehor,Merge,,,,Tag,Equals,TomTom Spark 3,,,,,
willful,Merge,Willful,,any condition,Tag,Equals,Willful,"Willful Remme | Bedste Udvalg - Fri Fragt over 199,-","Velkommen til et hav af Willful Urremme. Bestil inden kl. 15 og vi sender samme dag. Fri Fragt ved køb over 199,-",parent-collection,,
willful,Merge,,,,Tag,Equals,Willful SW021,,,,,
willful,Merge,,,,Tag,Equals,Willful SW025,,,,,
withings-activite,Merge,Withings Activité,,any condition,Tag,Equals,Withings Activité,Withings Activité Urremme | Danmarks Største Udvalg af remme til Withings Activité,Stort udvalg af remme til Withings Activité. Danmarks Største udvalg af Smartwatch urremme. Vi sender inden kl. 15 i dag.,parent-collection,Withings,
withings-activite,Merge,,,,Tag,Equals,Withings Activité Pop,,,,,
withings-activite,Merge,,,,Tag,Equals,Withings Activité Sapphire,,,,,
withings-steel,Merge,Withings Steel,,any condition,Tag,Equals,Withings Steel,"Withings Steel Remme | Fri Levering over 199,-","Velkommen til et hav af Withings Steel Urremme. Bestil inden kl. 15 og vi sender samme dag. Fri Fragt ved køb over 199,-",parent-collection,Withings,
withings-steel,Merge,,,,Tag,Equals,Withings Steel HR (36mm),,,,,
withings-steel,Merge,,,,Tag,Equals,Withings Steel HR (40mm),,,,,
withings-steel,Merge,,,,Tag,Equals,Withings Steel HR Sport (40mm),,,,,
xiaomi-mi,Merge,Xiaomi Mi,,any condition,Tag,Equals,Xiaomi Mi,"Xiaomi Mi Urremme | Giga Udvalg - Fri Fragt over 199,-","Alle slags Xiaomi Mi Urremme. Danmarks Største Udvalg. Gratis Levering ved køb over 199,-",parent-collection,Xiaomi,
xiaomi-mi,Merge,,,,Tag,Equals,Xiaomi Mi Band 2,,,,,
xiaomi-mi,Merge,,,,Tag,Equals,Xiaomi Mi Band 3,,,,,
xiaomi-mi,Merge,,,,Tag,Equals,Xiaomi Mi Band 5,,,,,
xiaomi-mi,Merge,,,,Tag,Equals,Xiaomi Mi Band 7,,,,,
xiaomi-mi,Merge,,,,Tag,Equals,Xiaomi Mi Smart Band 4,,,,,
xiaomi-mi,Merge,,,,Tag,Equals,Xiaomi Mi Smart Band 6,,,,,
xiaomi-mi,Merge,,,,Tag,Equals,Xiaomi Mi Watch,,,,,
xiaomi-mi,Merge,,,,Tag,Equals,Xiaomi Mi Watch Color,,,,,
xiaomi-mi,Merge,,,,Tag,Equals,Xiaomi Mi Watch Color Sports,,,,,
xiaomi-mi,Merge,,,,Tag,Equals,Xiaomi Mi Watch Lite,,,,,
xiaomi-mi,Merge,,,,Tag,Equals,Xiaomi Mi Watch Premium Edition,,,,,
xiaomi-redmi,Merge,Xiaomi Redmi,,any condition,Tag,Equals,Xiaomi Redmi,Xiaomi Redmi Remme | Bedste Udvalg Urremme til Xiaomi Redmi,Stort Sortiment af Xiaomi Redmi Urremme. Hurtig Levering. Bedste udvalg og høj service. Find din nye rem i dag.,parent-collection,Xiaomi,
xiaomi-redmi,Merge,,,,Tag,Equals,Xiaomi Redmi Smart Band Pro,,,,,
xiaomi-redmi,Merge,,,,Tag,Equals,Xiaomi Redmi Watch,,,,,
xiaomi-redmi,Merge,,,,Tag,Equals,Xiaomi Redmi Watch 2,,,,,
xiaomi-redmi,Merge,,,,Tag,Equals,Xiaomi Redmi Watch 2 Lite,,,,,
xiaomi-watch,Merge,Xiaomi Watch,,any condition,Tag,Equals,Xiaomi Watch,"Xiaomi Watch Urremme | Remme & Tilbehør - Fri Fragt over 199,-","Uremme der passer perfekt til Xiaomi Watch. Vores lager er fyldt med flotte remme til ganske få kroner. Køber du for mere end 199kroner, betaler vi fragten.",parent-collection,Xiaomi,
xiaomi-watch,Merge,,,,Tag,Equals,Xiaomi Watch Color,,,,,
xiaomi-watch,Merge,,,,Tag,Equals,Xiaomi Watch Color 2,,,,,
xiaomi-watch,Merge,,,,Tag,Equals,Xiaomi Watch S1,,,,,
xiaomi-watch,Merge,,,,Tag,Equals,Xiaomi Watch S1 Active,,,,,
maimo-watch,Merge,Maimo Watch,,any condition,Tag,Equals,Maimo Watch,Maimo Watch Urremme | Bedste Sortiment af Urremme til Maimo Watch,Stort udvalg af remme til Maimo Watch. Danmarks Største udvalg af Smartwatch urremme. Vi sender inden kl. 15 i dag.,parent-collection,Maimo,
