product_type;material;dk_addjective
cover, watch band;default;alle tiders
cover;default;beskyttende
watch band;default;cool
watch band;default;elegant
watch band;default;eminent
watch band;default;fantastisk
cover;Plastic;robust
cover, watch band;default;fed
cover, watch band;default;fint
cover, watch band;default;flot
watch band;default;fortrinligt
watch band;default;fremragende
watch band;default;glimrende
watch band, cover;default;godt
watch band;default;helt vildt cool
watch band;default;helt vildt elegant
watch band;default;helt vildt fantastisk
watch band;default;helt vildt fed
watch band;default;helt vildt fint
watch band;default;helt vildt flot
watch band;default;helt vildt godt
watch band;default;helt vildt hårdfør
watch band;default;helt vildt holdbart
watch band;default;helt vildt komfortabel
watch band;default;helt vildt kønt
watch band;default;helt vildt nydelig
watch band;default;helt vildt pænt
watch band;default;helt vildt rart
watch band;default;helt vildt sejt
watch band;default;helt vildt skøn
watch band;default;helt vildt slidstærk
watch band;default;helt vildt smuk
watch band;default;holdbart
watch band;default;klassisk
watch band;default;komfortabel
watch band;default;kønt
watch band;default;mega cool
watch band;default;mega elegant
watch band;default;mega fantastisk
cover, watch band;default;mega fed
cover, watch band;default;mega fint
cover, watch band;default;mega flot
cover, watch band;default;mega godt
watch band;default;mega hårdfør
watch band;default;mega holdbart
watch band;default;mega komfortabel
watch band;default;mega kønt
watch band;default;mega nydelig
watch band;default;mega pænt
watch band;default;mega sejt
watch band;default;mega skøn
watch band;default;mega slidstærk
watch band;default;mega smuk
watch band;default;meget cool
watch band;default;meget elegant
watch band;default;meget fantastisk
cover, watch band;default;meget fed
cover, watch band;default;meget fint
cover, watch band;default;meget flot
cover, watch band;default;meget godt
watch band;default;meget hårdfør
watch band;default;meget holdbart
watch band;default;meget komfortabel
watch band;default;meget kønt
watch band;default;meget nydelig
watch band;default;meget pænt
watch band;default;meget sejt
watch band;default;meget skøn
watch band;default;meget slidstærk
watch band;default;meget smuk
watch band;default;nydelig
watch band;default;pænt
watch band;default;rigtigt cool
watch band;default;rigtigt elegant
watch band;default;rigtigt fantastisk
cover, watch band;default;rigtigt fed
cover, watch band;default;rigtigt fint
cover, watch band;default;rigtigt flot
cover, watch band;default;rigtigt godt
watch band;default;rigtigt hårdfør
watch band;default;rigtigt holdbart
watch band;default;rigtigt kønt
watch band;default;rigtigt nydelig
watch band;default;rigtigt pænt
watch band;default;rigtigt rart
watch band;default;rigtigt sejt
watch band;default;rigtigt skøn
watch band;default;rigtigt slidstærk
watch band;default;rigtigt smuk
watch band;default;sejt
watch band;default;skøn
watch band;default;slidstærk
watch band;default;smuk
watch band;default;solid
watch band;default;stilfuld
watch band;default;stilren
watch band;default;super cool
watch band;default;super elegant
watch band;default;super fantastisk
cover, watch band;default;super fed
cover, watch band;default;super fint
cover, watch band;default;super flot
cover, watch band;default;super godt
watch band;default;super hårdfør
watch band;default;super holdbart
watch band;default;super kønt
watch band;default;super nydelig
cover, watch band;default;super pænt
watch band;default;super sejt
watch band;default;super skøn
watch band;default;super slidstærk
watch band;default;super smuk
watch band;default;supercool
watch band;default;superflot
watch band;default;tidsløst
watch band;default;udsøgt
watch band;default;vildt cool
watch band;default;vildt elegant
watch band;default;vildt fantastisk
cover, watch band;default;vildt fed
cover, watch band;default;vildt fint
cover, watch band;default;vildt flot
cover, watch band;default;vildt godt
watch band;default;vildt hårdfør
watch band;default;vildt holdbart
watch band;default;vildt kønt
watch band;default;vildt nydelig
watch band;default;vildt pænt
watch band;default;vildt rart
watch band;default;vildt sejt
watch band;default;vildt skøn
watch band;default;vildt slidstærk
watch band;default;vildt smuk
watch band;default;yndigt
cover, watchband;Plastic;hårdfør
cover;Plastic;Hårdt
cover;Plastic;Holdbart
cover, watch band;Silicone / TPU;fleksibel
cover, watch band;Silicone / TPU;Behagelig
cover, watch band;Silicone / TPU;Blød
watch band;Silicone / TPU;helt vildt behagelig
watch band;Silicone / TPU;mega behagelig
watch band;Silicone / TPU;mega rart
watch band;Silicone / TPU;meget behagelig
watch band;Silicone / TPU;meget rart
cover, watch band;Silicone / TPU;Rart
watch band;Silicone / TPU;rigtigt behagelig
watch band;Silicone / TPU;rigtigt komfortabel
watch band;Silicone / TPU;super behagelig
watch band;Silicone / TPU;super komfortabel
watch band;Silicone / TPU;super rart
watch band;Silicone / TPU;vildt behagelig
watch band;Silicone / TPU;vildt komfortabel
screen protector;Tempered Glass;Ekstra stærk
screen protector;Tempered Glass;Slidstærk
screen protector;Tempered Glass;Stærk
